extension_id,threat_score,label,threat_report
dajedkncpodkggklbegccjpmnglmnflm,0,malicious,
ciifcakemmcbbdpmljdohdmbodagmela,0,malicious,
opngpmnmajecahkfibkbdkfckibnpajd,10,malicious,"Failed to parse /home/elijah/Documents/CPS475/ExtensionAnalyzer/dataset/malicious/opngpmnmajecahkfibkbdkfckibnpajd/static/js/content.js, (line 14771), likely minified or obfuscated"
gddbgllpilhpnjpkdbopahnpealaklle,30,malicious,"Failed to parse /home/elijah/Documents/CPS475/ExtensionAnalyzer/dataset/malicious/gddbgllpilhpnjpkdbopahnpealaklle/assets/js/cocoparser.js, (line 1), likely minified or obfuscated | Failed to parse /home/elijah/Documents/CPS475/ExtensionAnalyzer/dataset/malicious/gddbgllpilhpnjpkdbopahnpealaklle/assets/js/deepsearch.js, (line 1), likely minified or obfuscated | Failed to parse /home/elijah/Documents/CPS475/ExtensionAnalyzer/dataset/malicious/gddbgllpilhpnjpkdbopahnpealaklle/dlm/contentinfo.js, (line 2), likely minified or obfuscated"
fhplmmllnpjjlncfjpbbpjadoeijkogc,50,malicious,Requests 'cookies' permission (can read/write cookies for allowed sites) | Manifest CSP allows 'unsafe-eval' (dangerous script execution)
geokkpbkfpghbjdgbganjkgfhaafmhbo,35,malicious,Uses broad host permission '<all_urls>' | Requests 'scripting' permission (can execute arbitrary code)
bpconcjcammlapcogcnnelfmaeghhagj,155,malicious,"Uses broad host permission '<all_urls>' | Requests 'scripting' permission (can execute arbitrary code) | Manifest CSP allows 'unsafe-eval' (dangerous script execution) | Failed to parse /home/elijah/Documents/CPS475/ExtensionAnalyzer/dataset/malicious/bpconcjcammlapcogcnnelfmaeghhagj/displayMedia.js, (line 305), likely minified or obfuscated | Failed to parse /home/elijah/Documents/CPS475/ExtensionAnalyzer/dataset/malicious/bpconcjcammlapcogcnnelfmaeghhagj/edit.js, (line 23), likely minified or obfuscated | Failed to parse /home/elijah/Documents/CPS475/ExtensionAnalyzer/dataset/malicious/bpconcjcammlapcogcnnelfmaeghhagj/background.js, (line 289), likely minified or obfuscated | Failed to parse /home/elijah/Documents/CPS475/ExtensionAnalyzer/dataset/malicious/bpconcjcammlapcogcnnelfmaeghhagj/content-script.js, (line 289), likely minified or obfuscated | Failed to parse /home/elijah/Documents/CPS475/ExtensionAnalyzer/dataset/malicious/bpconcjcammlapcogcnnelfmaeghhagj/welcome.js, (line 23), likely minified or obfuscated | Failed to parse /home/elijah/Documents/CPS475/ExtensionAnalyzer/dataset/malicious/bpconcjcammlapcogcnnelfmaeghhagj/screencastMedia.js, (line 289), likely minified or obfuscated | Failed to parse /home/elijah/Documents/CPS475/ExtensionAnalyzer/dataset/malicious/bpconcjcammlapcogcnnelfmaeghhagj/menu.js, (line 306), likely minified or obfuscated | Failed to parse /home/elijah/Documents/CPS475/ExtensionAnalyzer/dataset/malicious/bpconcjcammlapcogcnnelfmaeghhagj/options.js, (line 305), likely minified or obfuscated"
fdcgdnkidjaadafnichfpabhfomcebme,45,malicious,"Requests 'scripting' permission (can execute arbitrary code) | Requests 'cookies' permission (can read/write cookies for allowed sites) | Failed to parse /home/elijah/Documents/CPS475/ExtensionAnalyzer/dataset/malicious/fdcgdnkidjaadafnichfpabhfomcebme/main.js, (line 1), likely minified or obfuscated | Failed to parse /home/elijah/Documents/CPS475/ExtensionAnalyzer/dataset/malicious/fdcgdnkidjaadafnichfpabhfomcebme/assets/config/index.js, (line 9), likely minified or obfuscated"
andokbmfkopokkinpoodkhciomilhece,50,malicious,Requests 'cookies' permission (can read/write cookies for allowed sites) | Manifest CSP allows 'unsafe-eval' (dangerous script execution)
oljjpjahhpimckiicpgpbpfbpijhidoi,0,malicious,
chmfnmjfghjpdamlofhlonnnnokkpbao,35,malicious,Uses broad host permission '<all_urls>' | Requests 'scripting' permission (can execute arbitrary code)
gokhabgljglbmjilkmelajgkkhofeeij,0,malicious,
pakhknagjaedcmhmodahdplmbgefekoc,40,malicious,Manifest CSP allows 'unsafe-eval' (dangerous script execution)
diapmighkmmnpmdkfnmlbpkjkealjojg,35,malicious,Uses broad host permission '<all_urls>' | Requests 'scripting' permission (can execute arbitrary code)
mbacbcfdfaapbcnlnbmciiaakomhkbkb,70,malicious,"Requests 'cookies' permission (can read/write cookies for allowed sites) | Manifest CSP allows 'unsafe-eval' (dangerous script execution) | Failed to parse /home/elijah/Documents/CPS475/ExtensionAnalyzer/dataset/malicious/mbacbcfdfaapbcnlnbmciiaakomhkbkb/js/uikit.min.js, (line 3), likely minified or obfuscated | Failed to parse /home/elijah/Documents/CPS475/ExtensionAnalyzer/dataset/malicious/mbacbcfdfaapbcnlnbmciiaakomhkbkb/js/content.js, (line 30642), likely minified or obfuscated"
megdnjjcjgoiacejpegmfoeooleddmeb,0,malicious,
cegbjdefhfnbphoghdgcapnliodjbncp,0,malicious,
lklmhefoneonjalpjcnhaidnodopinib,10,malicious,Requests 'cookies' permission (can read/write cookies for allowed sites)
fdpohaocaechififmbbbbbknoalclacl,25,benign,"Requests 'scripting' permission (can execute arbitrary code) | Failed to parse /home/elijah/Documents/CPS475/ExtensionAnalyzer/dataset/benign/fdpohaocaechififmbbbbbknoalclacl/capture.1b6106c3.js, (line 1), likely minified or obfuscated"
liecbddmkiiihnedobmlmillhodjkdmb,295,benign,"Uses broad host permission '<all_urls>' | Requests 'scripting' permission (can execute arbitrary code) | Requests 'cookies' permission (can read/write cookies for allowed sites) | Manifest CSP allows 'unsafe-eval' (dangerous script execution) | Failed to parse /home/elijah/Documents/CPS475/ExtensionAnalyzer/dataset/benign/liecbddmkiiihnedobmlmillhodjkdmb/js/72754.js, (line 4), likely minified or obfuscated | Failed to parse /home/elijah/Documents/CPS475/ExtensionAnalyzer/dataset/benign/liecbddmkiiihnedobmlmillhodjkdmb/js/76688.js, (line 3), likely minified or obfuscated | Failed to parse /home/elijah/Documents/CPS475/ExtensionAnalyzer/dataset/benign/liecbddmkiiihnedobmlmillhodjkdmb/js/sw.js, (line 4), likely minified or obfuscated | Failed to parse /home/elijah/Documents/CPS475/ExtensionAnalyzer/dataset/benign/liecbddmkiiihnedobmlmillhodjkdmb/js/bubble.js, (line 4), likely minified or obfuscated | Failed to parse /home/elijah/Documents/CPS475/ExtensionAnalyzer/dataset/benign/liecbddmkiiihnedobmlmillhodjkdmb/js/pinnedTab.js, (line 4), likely minified or obfuscated | Failed to parse /home/elijah/Documents/CPS475/ExtensionAnalyzer/dataset/benign/liecbddmkiiihnedobmlmillhodjkdmb/js/98115.js, (line 3), likely minified or obfuscated | Failed to parse /home/elijah/Documents/CPS475/ExtensionAnalyzer/dataset/benign/liecbddmkiiihnedobmlmillhodjkdmb/js/gmail.js, (line 4), likely minified or obfuscated | Failed to parse /home/elijah/Documents/CPS475/ExtensionAnalyzer/dataset/benign/liecbddmkiiihnedobmlmillhodjkdmb/js/companionBubble.js, (line 4), likely minified or obfuscated | Failed to parse /home/elijah/Documents/CPS475/ExtensionAnalyzer/dataset/benign/liecbddmkiiihnedobmlmillhodjkdmb/js/audioVisualizer.js, (line 4), likely minified or obfuscated | Failed to parse /home/elijah/Documents/CPS475/ExtensionAnalyzer/dataset/benign/liecbddmkiiihnedobmlmillhodjkdmb/js/41525.js, (line 3), likely minified or obfuscated | Failed to parse /home/elijah/Documents/CPS475/ExtensionAnalyzer/dataset/benign/liecbddmkiiihnedobmlmillhodjkdmb/js/videoPreview.js, (line 4), likely minified or obfuscated | Failed to parse /home/elijah/Documents/CPS475/ExtensionAnalyzer/dataset/benign/liecbddmkiiihnedobmlmillhodjkdmb/js/content.js, (line 4), likely minified or obfuscated | Failed to parse /home/elijah/Documents/CPS475/ExtensionAnalyzer/dataset/benign/liecbddmkiiihnedobmlmillhodjkdmb/js/popup.js, (line 4), likely minified or obfuscated | Failed to parse /home/elijah/Documents/CPS475/ExtensionAnalyzer/dataset/benign/liecbddmkiiihnedobmlmillhodjkdmb/js/permissionsCheck.js, (line 4), likely minified or obfuscated | Failed to parse /home/elijah/Documents/CPS475/ExtensionAnalyzer/dataset/benign/liecbddmkiiihnedobmlmillhodjkdmb/js/22369.js, (line 3), likely minified or obfuscated | Failed to parse /home/elijah/Documents/CPS475/ExtensionAnalyzer/dataset/benign/liecbddmkiiihnedobmlmillhodjkdmb/js/audio-data-processor.js, (line 1), likely minified or obfuscated | Failed to parse /home/elijah/Documents/CPS475/ExtensionAnalyzer/dataset/benign/liecbddmkiiihnedobmlmillhodjkdmb/js/currentToastMsg.js, (line 4), likely minified or obfuscated | Failed to parse /home/elijah/Documents/CPS475/ExtensionAnalyzer/dataset/benign/liecbddmkiiihnedobmlmillhodjkdmb/js/pinExtension.js, (line 4), likely minified or obfuscated | Failed to parse /home/elijah/Documents/CPS475/ExtensionAnalyzer/dataset/benign/liecbddmkiiihnedobmlmillhodjkdmb/js/linkExpand.js, (line 4), likely minified or obfuscated | Failed to parse /home/elijah/Documents/CPS475/ExtensionAnalyzer/dataset/benign/liecbddmkiiihnedobmlmillhodjkdmb/js/@atlaskit-internal_refractor-import.js, (line 4), likely minified or obfuscated | Failed to parse /home/elijah/Documents/CPS475/ExtensionAnalyzer/dataset/benign/liecbddmkiiihnedobmlmillhodjkdmb/js/videoPreviewThumbnail.js, (line 4), likely minified or obfuscated"
mmioliijnhnoblpgimnlajmefafdfilb,50,benign,"Manifest CSP allows 'unsafe-eval' (dangerous script execution) | Failed to parse /home/elijah/Documents/CPS475/ExtensionAnalyzer/dataset/benign/mmioliijnhnoblpgimnlajmefafdfilb/popup.bundle.js, (line 1), likely minified or obfuscated"
kdpelmjpfafjppnhbloffcjpeomlnpah,140,benign,"Uses broad host permission '<all_urls>' | Requests 'cookies' permission (can read/write cookies for allowed sites) | Failed to parse /home/elijah/Documents/CPS475/ExtensionAnalyzer/dataset/benign/kdpelmjpfafjppnhbloffcjpeomlnpah/background.js, (line 2), likely minified or obfuscated | Failed to parse /home/elijah/Documents/CPS475/ExtensionAnalyzer/dataset/benign/kdpelmjpfafjppnhbloffcjpeomlnpah/content-scripts/scholar.js, (line 1), likely minified or obfuscated | Failed to parse /home/elijah/Documents/CPS475/ExtensionAnalyzer/dataset/benign/kdpelmjpfafjppnhbloffcjpeomlnpah/assets/mod.vuetify.4cd276a0.js, (line 1), likely minified or obfuscated | Failed to parse /home/elijah/Documents/CPS475/ExtensionAnalyzer/dataset/benign/kdpelmjpfafjppnhbloffcjpeomlnpah/assets/mod.vue.55903faa.js, (line 5), likely minified or obfuscated | Failed to parse /home/elijah/Documents/CPS475/ExtensionAnalyzer/dataset/benign/kdpelmjpfafjppnhbloffcjpeomlnpah/assets/mod.vuerouter.0c639e4b.js, (line 1), likely minified or obfuscated | Failed to parse /home/elijah/Documents/CPS475/ExtensionAnalyzer/dataset/benign/kdpelmjpfafjppnhbloffcjpeomlnpah/assets/mod.vue3tour.81911274.js, (line 1), likely minified or obfuscated | Failed to parse /home/elijah/Documents/CPS475/ExtensionAnalyzer/dataset/benign/kdpelmjpfafjppnhbloffcjpeomlnpah/assets/mod.canvas.ee73ddbf.js, (line 1), likely minified or obfuscated | Failed to parse /home/elijah/Documents/CPS475/ExtensionAnalyzer/dataset/benign/kdpelmjpfafjppnhbloffcjpeomlnpah/assets/mod.uuid.01cd1b86.js, (line 1), likely minified or obfuscated | Failed to parse /home/elijah/Documents/CPS475/ExtensionAnalyzer/dataset/benign/kdpelmjpfafjppnhbloffcjpeomlnpah/assets/idx.index.3f38c6de.js, (line 1), likely minified or obfuscated | Failed to parse /home/elijah/Documents/CPS475/ExtensionAnalyzer/dataset/benign/kdpelmjpfafjppnhbloffcjpeomlnpah/assets/mod.pinia.0e1887aa.js, (line 1), likely minified or obfuscated | Failed to parse /home/elijah/Documents/CPS475/ExtensionAnalyzer/dataset/benign/kdpelmjpfafjppnhbloffcjpeomlnpah/assets/mod.mitt.cd6eaa90.js, (line 1), likely minified or obfuscated"
lahipjfggmgneaopcckkaipmoandaboo,0,benign,
cmhmcmgkegfffbbfobhjpdbimgmoohap,0,benign,
aobcgffnbkbipbflopponndoiommhnch,0,benign,
ookepigabmicjpgfnmncjiplegcacdbm,0,benign,
kbfnbcaeplbcioakkpcpgfkobkghlhen,1945,benign,"Requests 'scripting' permission (can execute arbitrary code) | Requests 'cookies' permission (can read/write cookies for allowed sites) | Failed to parse /home/elijah/Documents/CPS475/ExtensionAnalyzer/dataset/benign/kbfnbcaeplbcioakkpcpgfkobkghlhen/src/inkwell/assets/index-B1AIte_T.js, (line 1), likely minified or obfuscated | Failed to parse /home/elijah/Documents/CPS475/ExtensionAnalyzer/dataset/benign/kbfnbcaeplbcioakkpcpgfkobkghlhen/src/inkwell/assets/index-uCjNtyxN.js, (line 1), likely minified or obfuscated | Failed to parse /home/elijah/Documents/CPS475/ExtensionAnalyzer/dataset/benign/kbfnbcaeplbcioakkpcpgfkobkghlhen/src/inkwell/assets/TextRangeManager-DvK9Ko49-Cf455Kbz.js, (line 1), likely minified or obfuscated | Failed to parse /home/elijah/Documents/CPS475/ExtensionAnalyzer/dataset/benign/kbfnbcaeplbcioakkpcpgfkobkghlhen/src/inkwell/assets/asap-_5Afx9lb.js, (line 1), likely minified or obfuscated | Failed to parse /home/elijah/Documents/CPS475/ExtensionAnalyzer/dataset/benign/kbfnbcaeplbcioakkpcpgfkobkghlhen/src/inkwell/assets/index-rfHd9GuO.js, (line 1), likely minified or obfuscated | Failed to parse /home/elijah/Documents/CPS475/ExtensionAnalyzer/dataset/benign/kbfnbcaeplbcioakkpcpgfkobkghlhen/src/inkwell/assets/index-C-c2f2Oy.js, (line 1), likely minified or obfuscated | Failed to parse /home/elijah/Documents/CPS475/ExtensionAnalyzer/dataset/benign/kbfnbcaeplbcioakkpcpgfkobkghlhen/src/inkwell/assets/TextRangeManager-DvK9Ko49-CTCZEC3i.js, (line 1), likely minified or obfuscated | Failed to parse /home/elijah/Documents/CPS475/ExtensionAnalyzer/dataset/benign/kbfnbcaeplbcioakkpcpgfkobkghlhen/src/inkwell/assets/getDecorationStrategy-D8c5vEyH.js, (line 1), likely minified or obfuscated | Failed to parse /home/elijah/Documents/CPS475/ExtensionAnalyzer/dataset/benign/kbfnbcaeplbcioakkpcpgfkobkghlhen/src/inkwell/assets/index-Db_x7cK_.js, (line 1), likely minified or obfuscated | Failed to parse /home/elijah/Documents/CPS475/ExtensionAnalyzer/dataset/benign/kbfnbcaeplbcioakkpcpgfkobkghlhen/src/inkwell/assets/index-DjT-JosF.js, (line 1), likely minified or obfuscated | Failed to parse /home/elijah/Documents/CPS475/ExtensionAnalyzer/dataset/benign/kbfnbcaeplbcioakkpcpgfkobkghlhen/src/inkwell/assets/share-CW4-5mF1.js, (line 1), likely minified or obfuscated | Failed to parse /home/elijah/Documents/CPS475/ExtensionAnalyzer/dataset/benign/kbfnbcaeplbcioakkpcpgfkobkghlhen/src/inkwell/assets/index-Cs5tX1Rz.js, (line 1), likely minified or obfuscated | Failed to parse /home/elijah/Documents/CPS475/ExtensionAnalyzer/dataset/benign/kbfnbcaeplbcioakkpcpgfkobkghlhen/src/inkwell/assets/skip-wo5YLe13.js, (line 1), likely minified or obfuscated | Failed to parse /home/elijah/Documents/CPS475/ExtensionAnalyzer/dataset/benign/kbfnbcaeplbcioakkpcpgfkobkghlhen/src/inkwell/assets/index-DwHsR4dY.js, (line 1), likely minified or obfuscated | Failed to parse /home/elijah/Documents/CPS475/ExtensionAnalyzer/dataset/benign/kbfnbcaeplbcioakkpcpgfkobkghlhen/src/inkwell/assets/finalize-DNcSQJJw.js, (line 1), likely minified or obfuscated | Failed to parse /home/elijah/Documents/CPS475/ExtensionAnalyzer/dataset/benign/kbfnbcaeplbcioakkpcpgfkobkghlhen/src/inkwell/assets/index-B9uHfCTo.js, (line 1), likely minified or obfuscated | Failed to parse /home/elijah/Documents/CPS475/ExtensionAnalyzer/dataset/benign/kbfnbcaeplbcioakkpcpgfkobkghlhen/src/inkwell/assets/index-Bz_nL0tC.js, (line 1), likely minified or obfuscated | Failed to parse /home/elijah/Documents/CPS475/ExtensionAnalyzer/dataset/benign/kbfnbcaeplbcioakkpcpgfkobkghlhen/src/inkwell/assets/index-LtbzZSV1.js, (line 1), likely minified or obfuscated | Failed to parse /home/elijah/Documents/CPS475/ExtensionAnalyzer/dataset/benign/kbfnbcaeplbcioakkpcpgfkobkghlhen/src/inkwell/assets/index-Be3fM_gS.js, (line 1), likely minified or obfuscated | Failed to parse /home/elijah/Documents/CPS475/ExtensionAnalyzer/dataset/benign/kbfnbcaeplbcioakkpcpgfkobkghlhen/src/inkwell/assets/PluginModule-CRib3PLZ-LTQDm_KX.js, (line 1), likely minified or obfuscated | Failed to parse /home/elijah/Documents/CPS475/ExtensionAnalyzer/dataset/benign/kbfnbcaeplbcioakkpcpgfkobkghlhen/src/inkwell/assets/TextDocumentEntities-iE9yXSvn.js, (line 1), likely minified or obfuscated | Failed to parse /home/elijah/Documents/CPS475/ExtensionAnalyzer/dataset/benign/kbfnbcaeplbcioakkpcpgfkobkghlhen/src/inkwell/assets/asap-D7RGTMcn.js, (line 1), likely minified or obfuscated | Failed to parse /home/elijah/Documents/CPS475/ExtensionAnalyzer/dataset/benign/kbfnbcaeplbcioakkpcpgfkobkghlhen/src/inkwell/assets/index-DSqSs-gH.js, (line 1), likely minified or obfuscated | Failed to parse /home/elijah/Documents/CPS475/ExtensionAnalyzer/dataset/benign/kbfnbcaeplbcioakkpcpgfkobkghlhen/src/inkwell/assets/debounceTime-XokiU2Af.js, (line 1), likely minified or obfuscated | Failed to parse /home/elijah/Documents/CPS475/ExtensionAnalyzer/dataset/benign/kbfnbcaeplbcioakkpcpgfkobkghlhen/src/inkwell/assets/TextRevisionFns-DGbJAFcL-DX1ABpMm.js, (line 1), likely minified or obfuscated | Failed to parse /home/elijah/Documents/CPS475/ExtensionAnalyzer/dataset/benign/kbfnbcaeplbcioakkpcpgfkobkghlhen/src/inkwell/assets/AsyncScheduler-BhBy18pz.js, (line 1), likely minified or obfuscated | Failed to parse /home/elijah/Documents/CPS475/ExtensionAnalyzer/dataset/benign/kbfnbcaeplbcioakkpcpgfkobkghlhen/src/inkwell/assets/index-r71BE6C2.js, (line 1), likely minified or obfuscated | Failed to parse /home/elijah/Documents/CPS475/ExtensionAnalyzer/dataset/benign/kbfnbcaeplbcioakkpcpgfkobkghlhen/src/inkwell/assets/index-KzMHVXrV.js, (line 1), likely minified or obfuscated | Failed to parse /home/elijah/Documents/CPS475/ExtensionAnalyzer/dataset/benign/kbfnbcaeplbcioakkpcpgfkobkghlhen/src/inkwell/assets/index-DYBNIdcl.js, (line 1), likely minified or obfuscated | Failed to parse /home/elijah/Documents/CPS475/ExtensionAnalyzer/dataset/benign/kbfnbcaeplbcioakkpcpgfkobkghlhen/src/inkwell/assets/start-BFd-djfI.js, (line 1), likely minified or obfuscated | Failed to parse /home/elijah/Documents/CPS475/ExtensionAnalyzer/dataset/benign/kbfnbcaeplbcioakkpcpgfkobkghlhen/src/inkwell/assets/async-BZW1XXsj.js, (line 1), likely minified or obfuscated | Failed to parse /home/elijah/Documents/CPS475/ExtensionAnalyzer/dataset/benign/kbfnbcaeplbcioakkpcpgfkobkghlhen/src/inkwell/assets/skip-DI4WBx6-.js, (line 1), likely minified or obfuscated | Failed to parse /home/elijah/Documents/CPS475/ExtensionAnalyzer/dataset/benign/kbfnbcaeplbcioakkpcpgfkobkghlhen/src/inkwell/assets/PointFns-Bd1JBOhL--ZyEh-AF.js, (line 1), likely minified or obfuscated | Failed to parse /home/elijah/Documents/CPS475/ExtensionAnalyzer/dataset/benign/kbfnbcaeplbcioakkpcpgfkobkghlhen/src/inkwell/assets/index-CHQtpaL4.js, (line 1), likely minified or obfuscated | Failed to parse /home/elijah/Documents/CPS475/ExtensionAnalyzer/dataset/benign/kbfnbcaeplbcioakkpcpgfkobkghlhen/src/inkwell/assets/index-OKQyfDtf.js, (line 2), likely minified or obfuscated | Failed to parse /home/elijah/Documents/CPS475/ExtensionAnalyzer/dataset/benign/kbfnbcaeplbcioakkpcpgfkobkghlhen/src/inkwell/assets/index-CceDU1Ub.js, (line 1), likely minified or obfuscated | Failed to parse /home/elijah/Documents/CPS475/ExtensionAnalyzer/dataset/benign/kbfnbcaeplbcioakkpcpgfkobkghlhen/src/inkwell/assets/distinctUntilChanged-GMQNSCXg.js, (line 1), likely minified or obfuscated | Failed to parse /home/elijah/Documents/CPS475/ExtensionAnalyzer/dataset/benign/kbfnbcaeplbcioakkpcpgfkobkghlhen/src/inkwell/assets/tap-BL_zgIju.js, (line 1), likely minified or obfuscated | Failed to parse /home/elijah/Documents/CPS475/ExtensionAnalyzer/dataset/benign/kbfnbcaeplbcioakkpcpgfkobkghlhen/src/inkwell/assets/index-BZ9ZjVqH.js, (line 1), likely minified or obfuscated | Failed to parse /home/elijah/Documents/CPS475/ExtensionAnalyzer/dataset/benign/kbfnbcaeplbcioakkpcpgfkobkghlhen/src/inkwell/assets/subscribableState-Y8YW7N9Z-L1DO2Tta.js, (line 1), likely minified or obfuscated | Failed to parse /home/elijah/Documents/CPS475/ExtensionAnalyzer/dataset/benign/kbfnbcaeplbcioakkpcpgfkobkghlhen/src/inkwell/assets/defer-DJy-7hgl.js, (line 1), likely minified or obfuscated | Failed to parse /home/elijah/Documents/CPS475/ExtensionAnalyzer/dataset/benign/kbfnbcaeplbcioakkpcpgfkobkghlhen/src/inkwell/assets/timer-B6bjwuU9.js, (line 1), likely minified or obfuscated | Failed to parse /home/elijah/Documents/CPS475/ExtensionAnalyzer/dataset/benign/kbfnbcaeplbcioakkpcpgfkobkghlhen/src/inkwell/assets/timeout-72B4Da-8.js, (line 1), likely minified or obfuscated | Failed to parse /home/elijah/Documents/CPS475/ExtensionAnalyzer/dataset/benign/kbfnbcaeplbcioakkpcpgfkobkghlhen/src/inkwell/assets/getDecorationStrategy-ByPikn4k.js, (line 1), likely minified or obfuscated | Failed to parse /home/elijah/Documents/CPS475/ExtensionAnalyzer/dataset/benign/kbfnbcaeplbcioakkpcpgfkobkghlhen/src/inkwell/assets/LRUCache-D4SXcJs8-0gDlvbKA.js, (line 1), likely minified or obfuscated | Failed to parse /home/elijah/Documents/CPS475/ExtensionAnalyzer/dataset/benign/kbfnbcaeplbcioakkpcpgfkobkghlhen/src/inkwell/assets/index-BUQoVyfC.js, (line 1), likely minified or obfuscated | Failed to parse /home/elijah/Documents/CPS475/ExtensionAnalyzer/dataset/benign/kbfnbcaeplbcioakkpcpgfkobkghlhen/src/inkwell/assets/SDUIActionHandler-DiU1jAXM.js, (line 1), likely minified or obfuscated | Failed to parse /home/elijah/Documents/CPS475/ExtensionAnalyzer/dataset/benign/kbfnbcaeplbcioakkpcpgfkobkghlhen/src/inkwell/assets/defineFactory-DJYNRBNc-CmRNy_rl.js, (line 1), likely minified or obfuscated | Failed to parse /home/elijah/Documents/CPS475/ExtensionAnalyzer/dataset/benign/kbfnbcaeplbcioakkpcpgfkobkghlhen/src/inkwell/assets/index-DGeXO3oi.js, (line 1), likely minified or obfuscated | Failed to parse /home/elijah/Documents/CPS475/ExtensionAnalyzer/dataset/benign/kbfnbcaeplbcioakkpcpgfkobkghlhen/src/inkwell/assets/switchMap-BWSw-lA5.js, (line 1), likely minified or obfuscated | Failed to parse /home/elijah/Documents/CPS475/ExtensionAnalyzer/dataset/benign/kbfnbcaeplbcioakkpcpgfkobkghlhen/src/inkwell/assets/delay-D1mS6Jaf.js, (line 1), likely minified or obfuscated | Failed to parse /home/elijah/Documents/CPS475/ExtensionAnalyzer/dataset/benign/kbfnbcaeplbcioakkpcpgfkobkghlhen/src/inkwell/assets/index-BznygDvr.js, (line 1), likely minified or obfuscated | Failed to parse /home/elijah/Documents/CPS475/ExtensionAnalyzer/dataset/benign/kbfnbcaeplbcioakkpcpgfkobkghlhen/src/inkwell/assets/mergeAll-CSDR5lBs.js, (line 1), likely minified or obfuscated | Failed to parse /home/elijah/Documents/CPS475/ExtensionAnalyzer/dataset/benign/kbfnbcaeplbcioakkpcpgfkobkghlhen/src/inkwell/assets/CAPIWebSocketTransport-DztTrDg1-8WOYftOV.js, (line 1), likely minified or obfuscated | Failed to parse /home/elijah/Documents/CPS475/ExtensionAnalyzer/dataset/benign/kbfnbcaeplbcioakkpcpgfkobkghlhen/src/inkwell/assets/TextRevisionSynchronizedQueue-DQV4bu5q-DwE51F-N.js, (line 1), likely minified or obfuscated | Failed to parse /home/elijah/Documents/CPS475/ExtensionAnalyzer/dataset/benign/kbfnbcaeplbcioakkpcpgfkobkghlhen/src/inkwell/assets/index-Bm4tEXCw.js, (line 1), likely minified or obfuscated | Failed to parse /home/elijah/Documents/CPS475/ExtensionAnalyzer/dataset/benign/kbfnbcaeplbcioakkpcpgfkobkghlhen/src/inkwell/assets/index-BOtLVV33.js, (line 1), likely minified or obfuscated | Failed to parse /home/elijah/Documents/CPS475/ExtensionAnalyzer/dataset/benign/kbfnbcaeplbcioakkpcpgfkobkghlhen/src/inkwell/assets/take-A312jYgg.js, (line 1), likely minified or obfuscated | Failed to parse /home/elijah/Documents/CPS475/ExtensionAnalyzer/dataset/benign/kbfnbcaeplbcioakkpcpgfkobkghlhen/src/inkwell/assets/PluginDependency-Boc6-pxl-tjuTwLTj.js, (line 1), likely minified or obfuscated | Failed to parse /home/elijah/Documents/CPS475/ExtensionAnalyzer/dataset/benign/kbfnbcaeplbcioakkpcpgfkobkghlhen/src/inkwell/assets/of-Boi_-3cC.js, (line 1), likely minified or obfuscated | Failed to parse /home/elijah/Documents/CPS475/ExtensionAnalyzer/dataset/benign/kbfnbcaeplbcioakkpcpgfkobkghlhen/src/inkwell/assets/index-DWJjIIWF.js, (line 1), likely minified or obfuscated | Failed to parse /home/elijah/Documents/CPS475/ExtensionAnalyzer/dataset/benign/kbfnbcaeplbcioakkpcpgfkobkghlhen/src/inkwell/assets/pairwise-7DNa7SKt.js, (line 1), likely minified or obfuscated | Failed to parse /home/elijah/Documents/CPS475/ExtensionAnalyzer/dataset/benign/kbfnbcaeplbcioakkpcpgfkobkghlhen/src/inkwell/assets/TextRangeUpdateSemantics-D8MqPOrG-S_bbHJO0.js, (line 1), likely minified or obfuscated | Failed to parse /home/elijah/Documents/CPS475/ExtensionAnalyzer/dataset/benign/kbfnbcaeplbcioakkpcpgfkobkghlhen/src/inkwell/assets/index-CcHqKY02.js, (line 1), likely minified or obfuscated | Failed to parse /home/elijah/Documents/CPS475/ExtensionAnalyzer/dataset/benign/kbfnbcaeplbcioakkpcpgfkobkghlhen/src/inkwell/assets/index-DwCYgNrj.js, (line 1), likely minified or obfuscated | Failed to parse /home/elijah/Documents/CPS475/ExtensionAnalyzer/dataset/benign/kbfnbcaeplbcioakkpcpgfkobkghlhen/src/inkwell/assets/index-BfFsDiE7.js, (line 2), likely minified or obfuscated | Failed to parse /home/elijah/Documents/CPS475/ExtensionAnalyzer/dataset/benign/kbfnbcaeplbcioakkpcpgfkobkghlhen/src/inkwell/assets/index-B1wx0KOp.js, (line 1), likely minified or obfuscated | Failed to parse /home/elijah/Documents/CPS475/ExtensionAnalyzer/dataset/benign/kbfnbcaeplbcioakkpcpgfkobkghlhen/src/inkwell/assets/RemoteSubscribable-CanKOUL4-CikZPXPx.js, (line 1), likely minified or obfuscated | Failed to parse /home/elijah/Documents/CPS475/ExtensionAnalyzer/dataset/benign/kbfnbcaeplbcioakkpcpgfkobkghlhen/src/inkwell/assets/delay-Cs5qaBTb.js, (line 1), likely minified or obfuscated | Failed to parse /home/elijah/Documents/CPS475/ExtensionAnalyzer/dataset/benign/kbfnbcaeplbcioakkpcpgfkobkghlhen/src/inkwell/assets/index-CX-X1h-Y.js, (line 1), likely minified or obfuscated | Failed to parse /home/elijah/Documents/CPS475/ExtensionAnalyzer/dataset/benign/kbfnbcaeplbcioakkpcpgfkobkghlhen/src/inkwell/assets/index-B0VdoEeF.js, (line 1), likely minified or obfuscated | Failed to parse /home/elijah/Documents/CPS475/ExtensionAnalyzer/dataset/benign/kbfnbcaeplbcioakkpcpgfkobkghlhen/src/inkwell/assets/index-DB8_evi_.js, (line 2), likely minified or obfuscated | Failed to parse /home/elijah/Documents/CPS475/ExtensionAnalyzer/dataset/benign/kbfnbcaeplbcioakkpcpgfkobkghlhen/src/inkwell/assets/pairwise-CN9hSkDF.js, (line 1), likely minified or obfuscated | Failed to parse /home/elijah/Documents/CPS475/ExtensionAnalyzer/dataset/benign/kbfnbcaeplbcioakkpcpgfkobkghlhen/src/inkwell/assets/timer--E-2U5R1.js, (line 1), likely minified or obfuscated | Failed to parse /home/elijah/Documents/CPS475/ExtensionAnalyzer/dataset/benign/kbfnbcaeplbcioakkpcpgfkobkghlhen/src/inkwell/assets/index-BhOAJbfU.js, (line 1), likely minified or obfuscated | Failed to parse /home/elijah/Documents/CPS475/ExtensionAnalyzer/dataset/benign/kbfnbcaeplbcioakkpcpgfkobkghlhen/src/inkwell/assets/SDUIActionHandler-BB7VREq_.js, (line 1), likely minified or obfuscated | Failed to parse /home/elijah/Documents/CPS475/ExtensionAnalyzer/dataset/benign/kbfnbcaeplbcioakkpcpgfkobkghlhen/src/inkwell/assets/index-CN6fy9ZB.js, (line 1), likely minified or obfuscated | Failed to parse /home/elijah/Documents/CPS475/ExtensionAnalyzer/dataset/benign/kbfnbcaeplbcioakkpcpgfkobkghlhen/src/inkwell/assets/index-Dk3R999A.js, (line 1), likely minified or obfuscated | Failed to parse /home/elijah/Documents/CPS475/ExtensionAnalyzer/dataset/benign/kbfnbcaeplbcioakkpcpgfkobkghlhen/src/inkwell/assets/finalize-u5oIwZfS.js, (line 1), likely minified or obfuscated | Failed to parse /home/elijah/Documents/CPS475/ExtensionAnalyzer/dataset/benign/kbfnbcaeplbcioakkpcpgfkobkghlhen/src/inkwell/assets/PluginModule-CRib3PLZ-B43Hjk20.js, (line 1), likely minified or obfuscated | Failed to parse /home/elijah/Documents/CPS475/ExtensionAnalyzer/dataset/benign/kbfnbcaeplbcioakkpcpgfkobkghlhen/src/inkwell/assets/index-bbwY4Mlj.js, (line 2), likely minified or obfuscated | Failed to parse /home/elijah/Documents/CPS475/ExtensionAnalyzer/dataset/benign/kbfnbcaeplbcioakkpcpgfkobkghlhen/src/inkwell/assets/RectFns-ndpeBtT0-CdOd3O5S.js, (line 1), likely minified or obfuscated | Failed to parse /home/elijah/Documents/CPS475/ExtensionAnalyzer/dataset/benign/kbfnbcaeplbcioakkpcpgfkobkghlhen/src/inkwell/assets/debounceTime-DnL_PUPV.js, (line 1), likely minified or obfuscated | Failed to parse /home/elijah/Documents/CPS475/ExtensionAnalyzer/dataset/benign/kbfnbcaeplbcioakkpcpgfkobkghlhen/src/inkwell/assets/RemoteSubscribable-CanKOUL4-C6cenfHh.js, (line 1), likely minified or obfuscated | Failed to parse /home/elijah/Documents/CPS475/ExtensionAnalyzer/dataset/benign/kbfnbcaeplbcioakkpcpgfkobkghlhen/src/inkwell/assets/index-BUGw0CJ-.js, (line 1), likely minified or obfuscated | Failed to parse /home/elijah/Documents/CPS475/ExtensionAnalyzer/dataset/benign/kbfnbcaeplbcioakkpcpgfkobkghlhen/src/inkwell/assets/Delta-D-dso3t3-DM06-Vr-.js, (line 1), likely minified or obfuscated | Failed to parse /home/elijah/Documents/CPS475/ExtensionAnalyzer/dataset/benign/kbfnbcaeplbcioakkpcpgfkobkghlhen/src/inkwell/assets/index-CZ5X3_aw.js, (line 1), likely minified or obfuscated | Failed to parse /home/elijah/Documents/CPS475/ExtensionAnalyzer/dataset/benign/kbfnbcaeplbcioakkpcpgfkobkghlhen/src/inkwell/assets/SingleConsumerBufferedEmitter-_6WCMMUA-B9gRLjc-.js, (line 1), likely minified or obfuscated | Failed to parse /home/elijah/Documents/CPS475/ExtensionAnalyzer/dataset/benign/kbfnbcaeplbcioakkpcpgfkobkghlhen/src/inkwell/assets/index-DIq9RWYQ.js, (line 1), likely minified or obfuscated | Failed to parse /home/elijah/Documents/CPS475/ExtensionAnalyzer/dataset/benign/kbfnbcaeplbcioakkpcpgfkobkghlhen/src/inkwell/assets/index-5yZHlJEj.js, (line 1), likely minified or obfuscated | Failed to parse /home/elijah/Documents/CPS475/ExtensionAnalyzer/dataset/benign/kbfnbcaeplbcioakkpcpgfkobkghlhen/src/inkwell/assets/concat-DqL665aX.js, (line 1), likely minified or obfuscated | Failed to parse /home/elijah/Documents/CPS475/ExtensionAnalyzer/dataset/benign/kbfnbcaeplbcioakkpcpgfkobkghlhen/src/inkwell/assets/merge-BJiAq4u-.js, (line 1), likely minified or obfuscated | Failed to parse /home/elijah/Documents/CPS475/ExtensionAnalyzer/dataset/benign/kbfnbcaeplbcioakkpcpgfkobkghlhen/src/inkwell/assets/ScreenPointFns-7sGy0XGN-DYTqdHzE.js, (line 1), likely minified or obfuscated | Failed to parse /home/elijah/Documents/CPS475/ExtensionAnalyzer/dataset/benign/kbfnbcaeplbcioakkpcpgfkobkghlhen/src/inkwell/assets/index-DcswASZ2.js, (line 1), likely minified or obfuscated | Failed to parse /home/elijah/Documents/CPS475/ExtensionAnalyzer/dataset/benign/kbfnbcaeplbcioakkpcpgfkobkghlhen/src/inkwell/assets/jsx-runtime-BtQ6Bsb4.js, (line 1), likely minified or obfuscated | Failed to parse /home/elijah/Documents/CPS475/ExtensionAnalyzer/dataset/benign/kbfnbcaeplbcioakkpcpgfkobkghlhen/src/inkwell/assets/index-oQtk5Yhs.js, (line 1), likely minified or obfuscated | Failed to parse /home/elijah/Documents/CPS475/ExtensionAnalyzer/dataset/benign/kbfnbcaeplbcioakkpcpgfkobkghlhen/src/inkwell/assets/index-4N3nZzsP.js, (line 2), likely minified or obfuscated | Failed to parse /home/elijah/Documents/CPS475/ExtensionAnalyzer/dataset/benign/kbfnbcaeplbcioakkpcpgfkobkghlhen/src/inkwell/assets/NonEmptyArrayFns-oGa02u3x-CLyX5YlY.js, (line 1), likely minified or obfuscated | Failed to parse /home/elijah/Documents/CPS475/ExtensionAnalyzer/dataset/benign/kbfnbcaeplbcioakkpcpgfkobkghlhen/src/inkwell/assets/timeoutWith-B7tsbJ8--DgEQKW6j.js, (line 1), likely minified or obfuscated | Failed to parse /home/elijah/Documents/CPS475/ExtensionAnalyzer/dataset/benign/kbfnbcaeplbcioakkpcpgfkobkghlhen/src/inkwell/assets/index-BOWMRPqo.js, (line 1), likely minified or obfuscated | Failed to parse /home/elijah/Documents/CPS475/ExtensionAnalyzer/dataset/benign/kbfnbcaeplbcioakkpcpgfkobkghlhen/src/inkwell/assets/index-Cu8JTHOu.js, (line 1), likely minified or obfuscated | Failed to parse /home/elijah/Documents/CPS475/ExtensionAnalyzer/dataset/benign/kbfnbcaeplbcioakkpcpgfkobkghlhen/src/inkwell/assets/async-dh0JxqdS.js, (line 1), likely minified or obfuscated | Failed to parse /home/elijah/Documents/CPS475/ExtensionAnalyzer/dataset/benign/kbfnbcaeplbcioakkpcpgfkobkghlhen/src/inkwell/assets/index-Z7s1VMXC.js, (line 2), likely minified or obfuscated | Failed to parse /home/elijah/Documents/CPS475/ExtensionAnalyzer/dataset/benign/kbfnbcaeplbcioakkpcpgfkobkghlhen/src/inkwell/assets/defineFactory-DJYNRBNc-BvZfVSHA.js, (line 1), likely minified or obfuscated | Failed to parse /home/elijah/Documents/CPS475/ExtensionAnalyzer/dataset/benign/kbfnbcaeplbcioakkpcpgfkobkghlhen/src/inkwell/assets/index-Q-LSqCYN.js, (line 1), likely minified or obfuscated | Failed to parse /home/elijah/Documents/CPS475/ExtensionAnalyzer/dataset/benign/kbfnbcaeplbcioakkpcpgfkobkghlhen/src/inkwell/assets/distinctUntilChanged-JrE1RNy_.js, (line 1), likely minified or obfuscated | Failed to parse /home/elijah/Documents/CPS475/ExtensionAnalyzer/dataset/benign/kbfnbcaeplbcioakkpcpgfkobkghlhen/src/inkwell/assets/startWith-DFLDsqXv.js, (line 1), likely minified or obfuscated | Failed to parse /home/elijah/Documents/CPS475/ExtensionAnalyzer/dataset/benign/kbfnbcaeplbcioakkpcpgfkobkghlhen/src/inkwell/assets/index-COojv98b.js, (line 1), likely minified or obfuscated | Failed to parse /home/elijah/Documents/CPS475/ExtensionAnalyzer/dataset/benign/kbfnbcaeplbcioakkpcpgfkobkghlhen/src/inkwell/assets/index-BRUA9V8r.js, (line 1), likely minified or obfuscated | Failed to parse /home/elijah/Documents/CPS475/ExtensionAnalyzer/dataset/benign/kbfnbcaeplbcioakkpcpgfkobkghlhen/src/inkwell/assets/jsx-runtime-BYWv_vQ-.js, (line 1), likely minified or obfuscated | Failed to parse /home/elijah/Documents/CPS475/ExtensionAnalyzer/dataset/benign/kbfnbcaeplbcioakkpcpgfkobkghlhen/src/inkwell/assets/index-BLGgUE45.js, (line 2), likely minified or obfuscated | Failed to parse /home/elijah/Documents/CPS475/ExtensionAnalyzer/dataset/benign/kbfnbcaeplbcioakkpcpgfkobkghlhen/src/inkwell/assets/index-BR87y4b4.js, (line 2), likely minified or obfuscated | Failed to parse /home/elijah/Documents/CPS475/ExtensionAnalyzer/dataset/benign/kbfnbcaeplbcioakkpcpgfkobkghlhen/src/inkwell/assets/CAPIWebSocketTransport-DztTrDg1-DSQiisKE.js, (line 1), likely minified or obfuscated | Failed to parse /home/elijah/Documents/CPS475/ExtensionAnalyzer/dataset/benign/kbfnbcaeplbcioakkpcpgfkobkghlhen/src/inkwell/assets/index-DLIwY9pE.js, (line 2), likely minified or obfuscated | Failed to parse /home/elijah/Documents/CPS475/ExtensionAnalyzer/dataset/benign/kbfnbcaeplbcioakkpcpgfkobkghlhen/src/inkwell/assets/concat-Bl9EyBSW.js, (line 1), likely minified or obfuscated | Failed to parse /home/elijah/Documents/CPS475/ExtensionAnalyzer/dataset/benign/kbfnbcaeplbcioakkpcpgfkobkghlhen/src/inkwell/assets/index-BroNIheH.js, (line 1), likely minified or obfuscated | Failed to parse /home/elijah/Documents/CPS475/ExtensionAnalyzer/dataset/benign/kbfnbcaeplbcioakkpcpgfkobkghlhen/src/inkwell/assets/dateTimestampProvider-CV0dHcg-.js, (line 1), likely minified or obfuscated | Failed to parse /home/elijah/Documents/CPS475/ExtensionAnalyzer/dataset/benign/kbfnbcaeplbcioakkpcpgfkobkghlhen/src/inkwell/assets/index-BMGZtqT4.js, (line 2), likely minified or obfuscated | Failed to parse /home/elijah/Documents/CPS475/ExtensionAnalyzer/dataset/benign/kbfnbcaeplbcioakkpcpgfkobkghlhen/src/inkwell/assets/index-U7nj2qyb.js, (line 2), likely minified or obfuscated | Failed to parse /home/elijah/Documents/CPS475/ExtensionAnalyzer/dataset/benign/kbfnbcaeplbcioakkpcpgfkobkghlhen/src/inkwell/assets/index-CbxqSIwH.js, (line 1), likely minified or obfuscated | Failed to parse /home/elijah/Documents/CPS475/ExtensionAnalyzer/dataset/benign/kbfnbcaeplbcioakkpcpgfkobkghlhen/src/inkwell/assets/index-bxDn9cPv.js, (line 1), likely minified or obfuscated | Failed to parse /home/elijah/Documents/CPS475/ExtensionAnalyzer/dataset/benign/kbfnbcaeplbcioakkpcpgfkobkghlhen/src/inkwell/assets/PixelFns-BIHP7Exp-Cxsb96Xk.js, (line 1), likely minified or obfuscated | Failed to parse /home/elijah/Documents/CPS475/ExtensionAnalyzer/dataset/benign/kbfnbcaeplbcioakkpcpgfkobkghlhen/src/inkwell/assets/timeout-B7YJiIXx.js, (line 1), likely minified or obfuscated | Failed to parse /home/elijah/Documents/CPS475/ExtensionAnalyzer/dataset/benign/kbfnbcaeplbcioakkpcpgfkobkghlhen/src/inkwell/assets/index-WrA72bii.js, (line 1), likely minified or obfuscated | Failed to parse /home/elijah/Documents/CPS475/ExtensionAnalyzer/dataset/benign/kbfnbcaeplbcioakkpcpgfkobkghlhen/src/inkwell/assets/index-BE_XzjUW.js, (line 2), likely minified or obfuscated | Failed to parse /home/elijah/Documents/CPS475/ExtensionAnalyzer/dataset/benign/kbfnbcaeplbcioakkpcpgfkobkghlhen/src/inkwell/assets/take-gJdc_Sb0.js, (line 1), likely minified or obfuscated | Failed to parse /home/elijah/Documents/CPS475/ExtensionAnalyzer/dataset/benign/kbfnbcaeplbcioakkpcpgfkobkghlhen/src/inkwell/assets/index-ZyG0PkH-.js, (line 1), likely minified or obfuscated | Failed to parse /home/elijah/Documents/CPS475/ExtensionAnalyzer/dataset/benign/kbfnbcaeplbcioakkpcpgfkobkghlhen/src/inkwell/assets/defer-BLWpl2MB.js, (line 1), likely minified or obfuscated | Failed to parse /home/elijah/Documents/CPS475/ExtensionAnalyzer/dataset/benign/kbfnbcaeplbcioakkpcpgfkobkghlhen/src/inkwell/assets/index-uVYElzgq.js, (line 2), likely minified or obfuscated | Failed to parse /home/elijah/Documents/CPS475/ExtensionAnalyzer/dataset/benign/kbfnbcaeplbcioakkpcpgfkobkghlhen/src/inkwell/assets/race-DbiJq4jp.js, (line 1), likely minified or obfuscated | Failed to parse /home/elijah/Documents/CPS475/ExtensionAnalyzer/dataset/benign/kbfnbcaeplbcioakkpcpgfkobkghlhen/src/inkwell/assets/index-DnatBlUk.js, (line 1), likely minified or obfuscated | Failed to parse /home/elijah/Documents/CPS475/ExtensionAnalyzer/dataset/benign/kbfnbcaeplbcioakkpcpgfkobkghlhen/src/inkwell/assets/timeoutWith-B7tsbJ8--C6j71B9E.js, (line 1), likely minified or obfuscated | Failed to parse /home/elijah/Documents/CPS475/ExtensionAnalyzer/dataset/benign/kbfnbcaeplbcioakkpcpgfkobkghlhen/src/inkwell/assets/race-BWu18h02.js, (line 1), likely minified or obfuscated | Failed to parse /home/elijah/Documents/CPS475/ExtensionAnalyzer/dataset/benign/kbfnbcaeplbcioakkpcpgfkobkghlhen/src/inkwell/assets/TextRevisionSynchronizedQueue-DQV4bu5q-DZsfBpcW.js, (line 1), likely minified or obfuscated | Failed to parse /home/elijah/Documents/CPS475/ExtensionAnalyzer/dataset/benign/kbfnbcaeplbcioakkpcpgfkobkghlhen/src/inkwell/assets/index-CizrRDxQ.js, (line 1), likely minified or obfuscated | Failed to parse /home/elijah/Documents/CPS475/ExtensionAnalyzer/dataset/benign/kbfnbcaeplbcioakkpcpgfkobkghlhen/src/inkwell/assets/throttleTime-CTmwR84S.js, (line 1), likely minified or obfuscated | Failed to parse /home/elijah/Documents/CPS475/ExtensionAnalyzer/dataset/benign/kbfnbcaeplbcioakkpcpgfkobkghlhen/src/inkwell/assets/index-BLgm_taZ.js, (line 1), likely minified or obfuscated | Failed to parse /home/elijah/Documents/CPS475/ExtensionAnalyzer/dataset/benign/kbfnbcaeplbcioakkpcpgfkobkghlhen/src/inkwell/assets/share-BO0c2DMx.js, (line 1), likely minified or obfuscated | Failed to parse /home/elijah/Documents/CPS475/ExtensionAnalyzer/dataset/benign/kbfnbcaeplbcioakkpcpgfkobkghlhen/src/inkwell/assets/of-DPWY87hm.js, (line 1), likely minified or obfuscated | Failed to parse /home/elijah/Documents/CPS475/ExtensionAnalyzer/dataset/benign/kbfnbcaeplbcioakkpcpgfkobkghlhen/src/inkwell/assets/merge-obdQTFL6.js, (line 1), likely minified or obfuscated | Failed to parse /home/elijah/Documents/CPS475/ExtensionAnalyzer/dataset/benign/kbfnbcaeplbcioakkpcpgfkobkghlhen/src/inkwell/assets/switchMap-BkKtxKb2.js, (line 1), likely minified or obfuscated | Failed to parse /home/elijah/Documents/CPS475/ExtensionAnalyzer/dataset/benign/kbfnbcaeplbcioakkpcpgfkobkghlhen/src/inkwell/assets/RemoteEntity-CN-1WB86-yD3y8ldD.js, (line 1), likely minified or obfuscated | Failed to parse /home/elijah/Documents/CPS475/ExtensionAnalyzer/dataset/benign/kbfnbcaeplbcioakkpcpgfkobkghlhen/src/inkwell/assets/index-O7PIDOzs.js, (line 1), likely minified or obfuscated | Failed to parse /home/elijah/Documents/CPS475/ExtensionAnalyzer/dataset/benign/kbfnbcaeplbcioakkpcpgfkobkghlhen/src/inkwell/assets/index-DjW1yS9b.js, (line 1), likely minified or obfuscated | Failed to parse /home/elijah/Documents/CPS475/ExtensionAnalyzer/dataset/benign/kbfnbcaeplbcioakkpcpgfkobkghlhen/src/inkwell/assets/index-Cd8GYK1-.js, (line 1), likely minified or obfuscated | Failed to parse /home/elijah/Documents/CPS475/ExtensionAnalyzer/dataset/benign/kbfnbcaeplbcioakkpcpgfkobkghlhen/src/inkwell/assets/index-38je9NwT.js, (line 2), likely minified or obfuscated | Failed to parse /home/elijah/Documents/CPS475/ExtensionAnalyzer/dataset/benign/kbfnbcaeplbcioakkpcpgfkobkghlhen/src/inkwell/assets/throttleTime-CwYuaEy_.js, (line 1), likely minified or obfuscated | Failed to parse /home/elijah/Documents/CPS475/ExtensionAnalyzer/dataset/benign/kbfnbcaeplbcioakkpcpgfkobkghlhen/src/inkwell/assets/tap-BNGPOE-c.js, (line 1), likely minified or obfuscated | Failed to parse /home/elijah/Documents/CPS475/ExtensionAnalyzer/dataset/benign/kbfnbcaeplbcioakkpcpgfkobkghlhen/src/inkwell/assets/index-BbX8QEjx.js, (line 1), likely minified or obfuscated | Failed to parse /home/elijah/Documents/CPS475/ExtensionAnalyzer/dataset/benign/kbfnbcaeplbcioakkpcpgfkobkghlhen/src/inkwell/assets/mergeAll-D275NTmK.js, (line 1), likely minified or obfuscated | Failed to parse /home/elijah/Documents/CPS475/ExtensionAnalyzer/dataset/benign/kbfnbcaeplbcioakkpcpgfkobkghlhen/src/inkwell/assets/startWith-PVWOuAJK.js, (line 1), likely minified or obfuscated | Failed to parse /home/elijah/Documents/CPS475/ExtensionAnalyzer/dataset/benign/kbfnbcaeplbcioakkpcpgfkobkghlhen/src/inkwell/assets/index-BM-moq3b.js, (line 1), likely minified or obfuscated | Failed to parse /home/elijah/Documents/CPS475/ExtensionAnalyzer/dataset/benign/kbfnbcaeplbcioakkpcpgfkobkghlhen/src/inkwell/assets/index-Dh6AtzXO.js, (line 1), likely minified or obfuscated | Failed to parse /home/elijah/Documents/CPS475/ExtensionAnalyzer/dataset/benign/kbfnbcaeplbcioakkpcpgfkobkghlhen/src/inkwell/assets/index-CKrE9JMo.js, (line 1), likely minified or obfuscated | Failed to parse /home/elijah/Documents/CPS475/ExtensionAnalyzer/dataset/benign/kbfnbcaeplbcioakkpcpgfkobkghlhen/src/inkwell/assets/index-WhRVOtk5.js, (line 1), likely minified or obfuscated | Failed to parse /home/elijah/Documents/CPS475/ExtensionAnalyzer/dataset/benign/kbfnbcaeplbcioakkpcpgfkobkghlhen/src/inkwell/assets/index-DnbEk8n_.js, (line 1), likely minified or obfuscated | Failed to parse /home/elijah/Documents/CPS475/ExtensionAnalyzer/dataset/benign/kbfnbcaeplbcioakkpcpgfkobkghlhen/src/inkwell/assets/index-rqlhpUDb.js, (line 1), likely minified or obfuscated | Failed to parse /home/elijah/Documents/CPS475/ExtensionAnalyzer/dataset/benign/kbfnbcaeplbcioakkpcpgfkobkghlhen/src/inkwell/assets/index-XuaxTepq.js, (line 1), likely minified or obfuscated | Failed to parse /home/elijah/Documents/CPS475/ExtensionAnalyzer/dataset/benign/kbfnbcaeplbcioakkpcpgfkobkghlhen/src/inkwell/assets/index-BLs3wl_w.js, (line 1), likely minified or obfuscated | Failed to parse /home/elijah/Documents/CPS475/ExtensionAnalyzer/dataset/benign/kbfnbcaeplbcioakkpcpgfkobkghlhen/src/js/SduiInlineEngineIntegration.common.chunk.js, (line 1), likely minified or obfuscated | Failed to parse /home/elijah/Documents/CPS475/ExtensionAnalyzer/dataset/benign/kbfnbcaeplbcioakkpcpgfkobkghlhen/src/js/801.vendors.chunk.js, (line 1), likely minified or obfuscated | Failed to parse /home/elijah/Documents/CPS475/ExtensionAnalyzer/dataset/benign/kbfnbcaeplbcioakkpcpgfkobkghlhen/src/js/Grammarly.js, (line 2), likely minified or obfuscated | Failed to parse /home/elijah/Documents/CPS475/ExtensionAnalyzer/dataset/benign/kbfnbcaeplbcioakkpcpgfkobkghlhen/src/js/humanWritingReport.common.chunk.js, (line 1), likely minified or obfuscated | Failed to parse /home/elijah/Documents/CPS475/ExtensionAnalyzer/dataset/benign/kbfnbcaeplbcioakkpcpgfkobkghlhen/src/js/4608.vendors.chunk.js, (line 2), likely minified or obfuscated | Failed to parse /home/elijah/Documents/CPS475/ExtensionAnalyzer/dataset/benign/kbfnbcaeplbcioakkpcpgfkobkghlhen/src/js/7699.vendors.chunk.js, (line 1), likely minified or obfuscated | Failed to parse /home/elijah/Documents/CPS475/ExtensionAnalyzer/dataset/benign/kbfnbcaeplbcioakkpcpgfkobkghlhen/src/js/Grammarly-check.js, (line 1), likely minified or obfuscated | Failed to parse /home/elijah/Documents/CPS475/ExtensionAnalyzer/dataset/benign/kbfnbcaeplbcioakkpcpgfkobkghlhen/src/js/6412.common.chunk.js, (line 1), likely minified or obfuscated | Failed to parse /home/elijah/Documents/CPS475/ExtensionAnalyzer/dataset/benign/kbfnbcaeplbcioakkpcpgfkobkghlhen/src/js/Grammarly-debug.js, (line 2), likely minified or obfuscated | Failed to parse /home/elijah/Documents/CPS475/ExtensionAnalyzer/dataset/benign/kbfnbcaeplbcioakkpcpgfkobkghlhen/src/js/7260.vendors.chunk.js, (line 1), likely minified or obfuscated | Failed to parse /home/elijah/Documents/CPS475/ExtensionAnalyzer/dataset/benign/kbfnbcaeplbcioakkpcpgfkobkghlhen/src/js/1454.vendors.chunk.js, (line 2), likely minified or obfuscated | Failed to parse /home/elijah/Documents/CPS475/ExtensionAnalyzer/dataset/benign/kbfnbcaeplbcioakkpcpgfkobkghlhen/src/js/3119.vendors.chunk.js, (line 1), likely minified or obfuscated | Failed to parse /home/elijah/Documents/CPS475/ExtensionAnalyzer/dataset/benign/kbfnbcaeplbcioakkpcpgfkobkghlhen/src/js/3205.vendors.chunk.js, (line 2), likely minified or obfuscated | Failed to parse /home/elijah/Documents/CPS475/ExtensionAnalyzer/dataset/benign/kbfnbcaeplbcioakkpcpgfkobkghlhen/src/js/6723.vendors.chunk.js, (line 1), likely minified or obfuscated | Failed to parse /home/elijah/Documents/CPS475/ExtensionAnalyzer/dataset/benign/kbfnbcaeplbcioakkpcpgfkobkghlhen/src/js/7641.common.chunk.js, (line 1), likely minified or obfuscated | Failed to parse /home/elijah/Documents/CPS475/ExtensionAnalyzer/dataset/benign/kbfnbcaeplbcioakkpcpgfkobkghlhen/src/js/Grammarly-sidePanel.js, (line 2), likely minified or obfuscated | Failed to parse /home/elijah/Documents/CPS475/ExtensionAnalyzer/dataset/benign/kbfnbcaeplbcioakkpcpgfkobkghlhen/src/js/8358.vendors.chunk.js, (line 2), likely minified or obfuscated | Failed to parse /home/elijah/Documents/CPS475/ExtensionAnalyzer/dataset/benign/kbfnbcaeplbcioakkpcpgfkobkghlhen/src/js/Grammarly-popup.js, (line 2), likely minified or obfuscated | Failed to parse /home/elijah/Documents/CPS475/ExtensionAnalyzer/dataset/benign/kbfnbcaeplbcioakkpcpgfkobkghlhen/src/js/1578.vendors.chunk.js, (line 1), likely minified or obfuscated | Failed to parse /home/elijah/Documents/CPS475/ExtensionAnalyzer/dataset/benign/kbfnbcaeplbcioakkpcpgfkobkghlhen/src/js/8048.vendors.chunk.js, (line 2), likely minified or obfuscated | Failed to parse /home/elijah/Documents/CPS475/ExtensionAnalyzer/dataset/benign/kbfnbcaeplbcioakkpcpgfkobkghlhen/src/js/sduiInlineCardRenderer.common.chunk.js, (line 1), likely minified or obfuscated | Failed to parse /home/elijah/Documents/CPS475/ExtensionAnalyzer/dataset/benign/kbfnbcaeplbcioakkpcpgfkobkghlhen/src/js/Grammarly-bg.js, (line 2), likely minified or obfuscated | Failed to parse /home/elijah/Documents/CPS475/ExtensionAnalyzer/dataset/benign/kbfnbcaeplbcioakkpcpgfkobkghlhen/src/js/Grammarly-gDocsIframeCs.js, (line 1), likely minified or obfuscated | Failed to parse /home/elijah/Documents/CPS475/ExtensionAnalyzer/dataset/benign/kbfnbcaeplbcioakkpcpgfkobkghlhen/src/js/Grammarly-gDocs.js, (line 2), likely minified or obfuscated | Failed to parse /home/elijah/Documents/CPS475/ExtensionAnalyzer/dataset/benign/kbfnbcaeplbcioakkpcpgfkobkghlhen/src/js/g2.common.chunk.js, (line 1), likely minified or obfuscated | Failed to parse /home/elijah/Documents/CPS475/ExtensionAnalyzer/dataset/benign/kbfnbcaeplbcioakkpcpgfkobkghlhen/src/js/SduiBasicEngineIntegration.common.chunk.js, (line 1), likely minified or obfuscated | Failed to parse /home/elijah/Documents/CPS475/ExtensionAnalyzer/dataset/benign/kbfnbcaeplbcioakkpcpgfkobkghlhen/src/js/4944.vendors.chunk.js, (line 1), likely minified or obfuscated | Failed to parse /home/elijah/Documents/CPS475/ExtensionAnalyzer/dataset/benign/kbfnbcaeplbcioakkpcpgfkobkghlhen/src/js/8754.vendors.chunk.js, (line 1), likely minified or obfuscated | Failed to parse /home/elijah/Documents/CPS475/ExtensionAnalyzer/dataset/benign/kbfnbcaeplbcioakkpcpgfkobkghlhen/src/js/890.vendors.chunk.js, (line 2), likely minified or obfuscated | Failed to parse /home/elijah/Documents/CPS475/ExtensionAnalyzer/dataset/benign/kbfnbcaeplbcioakkpcpgfkobkghlhen/src/js/2445.vendors.chunk.js, (line 1), likely minified or obfuscated | Failed to parse /home/elijah/Documents/CPS475/ExtensionAnalyzer/dataset/benign/kbfnbcaeplbcioakkpcpgfkobkghlhen/src/js/3885.vendors.chunk.js, (line 1), likely minified or obfuscated | Failed to parse /home/elijah/Documents/CPS475/ExtensionAnalyzer/dataset/benign/kbfnbcaeplbcioakkpcpgfkobkghlhen/src/js/2286.vendors.chunk.js, (line 1), likely minified or obfuscated | Failed to parse /home/elijah/Documents/CPS475/ExtensionAnalyzer/dataset/benign/kbfnbcaeplbcioakkpcpgfkobkghlhen/src/js/getCommentsContextEventObservable.common.chunk.js, (line 1), likely minified or obfuscated"
bmanlajnpdncmhfkiccmbgeocgbncfln,0,benign,
difoiogjjojoaoomphldepapgpbgkhkb,315,benign,"Uses broad host permission '<all_urls>' | Requests 'scripting' permission (can execute arbitrary code) | Requests 'cookies' permission (can read/write cookies for allowed sites) | Manifest CSP allows 'unsafe-eval' (dangerous script execution) | Failed to parse /home/elijah/Documents/CPS475/ExtensionAnalyzer/dataset/benign/difoiogjjojoaoomphldepapgpbgkhkb/camera-permissions.js, (line 1), likely minified or obfuscated | Failed to parse /home/elijah/Documents/CPS475/ExtensionAnalyzer/dataset/benign/difoiogjjojoaoomphldepapgpbgkhkb/alert-window.js, (line 1), likely minified or obfuscated | Failed to parse /home/elijah/Documents/CPS475/ExtensionAnalyzer/dataset/benign/difoiogjjojoaoomphldepapgpbgkhkb/deep-research.js, (line 1), likely minified or obfuscated | Failed to parse /home/elijah/Documents/CPS475/ExtensionAnalyzer/dataset/benign/difoiogjjojoaoomphldepapgpbgkhkb/background.js, (line 1), likely minified or obfuscated | Failed to parse /home/elijah/Documents/CPS475/ExtensionAnalyzer/dataset/benign/difoiogjjojoaoomphldepapgpbgkhkb/content-script.js, (line 1), likely minified or obfuscated | Failed to parse /home/elijah/Documents/CPS475/ExtensionAnalyzer/dataset/benign/difoiogjjojoaoomphldepapgpbgkhkb/all-frames.js, (line 1), likely minified or obfuscated | Failed to parse /home/elijah/Documents/CPS475/ExtensionAnalyzer/dataset/benign/difoiogjjojoaoomphldepapgpbgkhkb/content-all.js, (line 1), likely minified or obfuscated | Failed to parse /home/elijah/Documents/CPS475/ExtensionAnalyzer/dataset/benign/difoiogjjojoaoomphldepapgpbgkhkb/artifacts.js, (line 5), likely minified or obfuscated | Failed to parse /home/elijah/Documents/CPS475/ExtensionAnalyzer/dataset/benign/difoiogjjojoaoomphldepapgpbgkhkb/network.js, (line 1), likely minified or obfuscated | Failed to parse /home/elijah/Documents/CPS475/ExtensionAnalyzer/dataset/benign/difoiogjjojoaoomphldepapgpbgkhkb/audio-preview.js, (line 1), likely minified or obfuscated | Failed to parse /home/elijah/Documents/CPS475/ExtensionAnalyzer/dataset/benign/difoiogjjojoaoomphldepapgpbgkhkb/block-preview.js, (line 1), likely minified or obfuscated | Failed to parse /home/elijah/Documents/CPS475/ExtensionAnalyzer/dataset/benign/difoiogjjojoaoomphldepapgpbgkhkb/answer-compare.js, (line 1), likely minified or obfuscated | Failed to parse /home/elijah/Documents/CPS475/ExtensionAnalyzer/dataset/benign/difoiogjjojoaoomphldepapgpbgkhkb/standalone.js, (line 1), likely minified or obfuscated | Failed to parse /home/elijah/Documents/CPS475/ExtensionAnalyzer/dataset/benign/difoiogjjojoaoomphldepapgpbgkhkb/sidepanel.js, (line 1), likely minified or obfuscated | Failed to parse /home/elijah/Documents/CPS475/ExtensionAnalyzer/dataset/benign/difoiogjjojoaoomphldepapgpbgkhkb/content-youtube-embed.js, (line 1), likely minified or obfuscated | Failed to parse /home/elijah/Documents/CPS475/ExtensionAnalyzer/dataset/benign/difoiogjjojoaoomphldepapgpbgkhkb/microphone-permissions.js, (line 1), likely minified or obfuscated | Failed to parse /home/elijah/Documents/CPS475/ExtensionAnalyzer/dataset/benign/difoiogjjojoaoomphldepapgpbgkhkb/arkose.js, (line 1), likely minified or obfuscated | Failed to parse /home/elijah/Documents/CPS475/ExtensionAnalyzer/dataset/benign/difoiogjjojoaoomphldepapgpbgkhkb/camera-record.js, (line 1), likely minified or obfuscated | Failed to parse /home/elijah/Documents/CPS475/ExtensionAnalyzer/dataset/benign/difoiogjjojoaoomphldepapgpbgkhkb/record-background.js, (line 1), likely minified or obfuscated | Failed to parse /home/elijah/Documents/CPS475/ExtensionAnalyzer/dataset/benign/difoiogjjojoaoomphldepapgpbgkhkb/options.js, (line 1), likely minified or obfuscated | Failed to parse /home/elijah/Documents/CPS475/ExtensionAnalyzer/dataset/benign/difoiogjjojoaoomphldepapgpbgkhkb/content-chat.openai.com.js, (line 1), likely minified or obfuscated | Failed to parse /home/elijah/Documents/CPS475/ExtensionAnalyzer/dataset/benign/difoiogjjojoaoomphldepapgpbgkhkb/assets/js-tiktoken.js, (line 197), likely minified or obfuscated | Failed to parse /home/elijah/Documents/CPS475/ExtensionAnalyzer/dataset/benign/difoiogjjojoaoomphldepapgpbgkhkb/assets/highlight-painter.js, (line 1), likely minified or obfuscated"
